onset	duration	nwb_table	angle	cycles_per_second	cycles_per_degree	amplitude	movie_number
0.0	168.19584	epochs					
1.992500000000291	1.9923999999955413	trials	315.0	1.0	0.05	1.0	0.0
5.993799999996554	1.9924000000028173	trials	180.0	1.0	0.05	1.0	0.0
9.99500000000262	1.992500000000291	trials	225.0	1.0	0.05	1.0	0.0
13.996299999998882	1.992500000000291	trials	270.0	1.0	0.05	1.0	0.0
17.99760000000242	1.9923999999955413	trials	225.0	1.0	0.05	1.0	0.0
21.998899999998685	1.984199999998964	trials	225.0	1.0	0.05	1.0	0.0
26.000200000002224	1.984199999998964	trials	180.0	1.0	0.05	1.0	0.0
30.001499999998487	1.984199999998964	trials	90.0	1.0	0.05	1.0	0.0
34.002800000002026	1.984199999998964	trials	270.0	1.0	0.05	1.0	0.0
38.00409999999829	2.0005999999993946	trials	360.0	1.0	0.05	1.0	0.0
42.00540000000183	2.0006999999968684	trials	270.0	1.0	0.05	1.0	0.0
46.00669999999809	1.992500000000291	trials	270.0	1.0	0.05	1.0	0.0
50.00800000000163	1.992500000000291	trials	135.0	1.0	0.05	1.0	0.0
54.00940000000264	1.9923999999955413	trials	90.0	1.0	0.05	1.0	0.0
58.010699999998906	1.992500000000291	trials	180.0	1.0	0.05	1.0	0.0
62.012000000002445	1.992499999993015	trials	90.0	1.0	0.05	1.0	0.0
66.01339999999618	1.9924000000028173	trials	45.0	1.0	0.05	1.0	0.0
70.01469999999972	1.9842999999964377	trials	315.0	1.0	0.05	1.0	0.0
74.01610000000073	1.984199999998964	trials	360.0	1.0	0.05	1.0	0.0
78.017399999997	1.9843000000037136	trials	270.0	1.0	0.05	1.0	0.0
82.01879999999801	1.984199999998964	trials	360.0	1.0	0.05	1.0	0.0
86.02010000000155	2.0006999999968684	trials	315.0	1.0	0.05	1.0	0.0
90.02150000000256	2.0005999999993946	trials	135.0	1.0	0.05	1.0	0.0
94.02279999999882	1.992500000000291	trials	135.0	1.0	0.05	1.0	0.0
98.02419999999984	1.992500000000291	trials	315.0	1.0	0.05	1.0	0.0
102.02550000000338	1.992499999993015	trials	360.0	1.0	0.05	1.0	0.0
106.02689999999711	1.992500000000291	trials	225.0	1.0	0.05	1.0	0.0
110.02829999999813	1.992500000000291	trials	180.0	1.0	0.05	1.0	0.0
114.02960000000166	1.992500000000291	trials	360.0	1.0	0.05	1.0	0.0
118.03100000000268	1.9842999999964377	trials	45.0	1.0	0.05	1.0	0.0
122.03239999999641	1.9843000000037136	trials	225.0	1.0	0.05	1.0	0.0
126.03379999999743	1.9843000000037136	trials	90.0	1.0	0.05	1.0	0.0
130.03510000000097	2.0006999999968684	trials	135.0	1.0	0.05	1.0	0.0
134.03650000000198	2.0006999999968684	trials	180.0	1.0	0.05	1.0	0.0
138.03789999999572	2.0007000000041444	trials	45.0	1.0	0.05	1.0	0.0
142.039300000004	1.992499999993015	trials	315.0	1.0	0.05	1.0	0.0
146.04069999999774	1.992500000000291	trials	45.0	1.0	0.05	1.0	0.0
150.04200000000128	1.992500000000291	trials	135.0	1.0	0.05	1.0	0.0
154.0434000000023	1.992500000000291	trials	90.0	1.0	0.05	1.0	0.0
158.0448000000033	1.992499999993015	trials	45.0	1.0	0.05	1.0	0.0
266.57	185.89184	epochs					
268.5625	1.9924000000028173	trials	135.0	1.0	0.05	1.0	1.0
272.56380000000354	1.9923999999955413	trials	360.0	1.0	0.05	1.0	1.0
276.5650999999998	1.992500000000291	trials	90.0	1.0	0.05	1.0	1.0
280.56639999999607	1.992500000007567	trials	315.0	1.0	0.05	1.0	1.0
284.5676999999996	1.9842999999964377	trials	45.0	1.0	0.05	1.0	1.0
288.56900000000314	1.9842999999964377	trials	360.0	1.0	0.05	1.0	1.0
292.5702999999994	1.9843000000037136	trials	180.0	1.0	0.05	1.0	1.0
296.5717000000004	1.984199999998964	trials	360.0	1.0	0.05	1.0	1.0
300.57300000000396	2.0005999999993946	trials	180.0	1.0	0.05	1.0	1.0
304.5743000000002	2.0006999999968684	trials	315.0	1.0	0.05	1.0	1.0
308.5755999999965	2.0007000000041444	trials	225.0	1.0	0.05	1.0	1.0
312.5769999999975	1.9924000000028173	trials	225.0	1.0	0.05	1.0	1.0
316.57830000000104	1.992500000000291	trials	135.0	1.0	0.05	1.0	1.0
320.57970000000205	1.9923999999955413	trials	270.0	1.0	0.05	1.0	1.0
324.5809999999983	1.992500000000291	trials	45.0	1.0	0.05	1.0	1.0
328.58230000000185	1.992500000000291	trials	270.0	1.0	0.05	1.0	1.0
332.58370000000286	1.992499999993015	trials	225.0	1.0	0.05	1.0	1.0
336.5849999999991	1.9843000000037136	trials	315.0	1.0	0.05	1.0	1.0
340.58640000000014	1.9842999999964377	trials	315.0	1.0	0.05	1.0	1.0
344.58780000000115	1.984199999998964	trials	360.0	1.0	0.05	1.0	1.0
348.5890999999974	2.0007000000041444	trials	45.0	1.0	0.05	1.0	1.0
352.5904999999984	2.0007000000041444	trials	315.0	1.0	0.05	1.0	1.0
356.59180000000197	2.0006999999968684	trials	135.0	1.0	0.05	1.0	1.0
360.593200000003	1.992499999993015	trials	180.0	1.0	0.05	1.0	1.0
364.5945999999967	1.992500000007567	trials	135.0	1.0	0.05	1.0	1.0
368.59590000000026	1.992500000000291	trials	360.0	1.0	0.05	1.0	1.0
372.59730000000127	1.992500000000291	trials	135.0	1.0	0.05	1.0	1.0
376.5987000000023	1.992500000000291	trials	90.0	1.0	0.05	1.0	1.0
380.600099999996	1.9843000000037136	trials	270.0	1.0	0.05	1.0	1.0
384.60139999999956	1.9842999999964377	trials	180.0	1.0	0.05	1.0	1.0
388.60280000000057	1.9843000000037136	trials	90.0	1.0	0.05	1.0	1.0
392.6042000000016	2.0006999999968684	trials	225.0	1.0	0.05	1.0	1.0
396.6056000000026	2.0006999999968684	trials	225.0	1.0	0.05	1.0	1.0
400.6070000000036	2.0006999999968684	trials	270.0	1.0	0.05	1.0	1.0
404.60839999999735	1.9924000000028173	trials	45.0	1.0	0.05	1.0	1.0
408.6097000000009	1.992500000000291	trials	270.0	1.0	0.05	1.0	1.0
412.6111000000019	1.992500000000291	trials	45.0	1.0	0.05	1.0	1.0
416.6125000000029	1.992499999993015	trials	180.0	1.0	0.05	1.0	1.0
420.61389999999665	1.992500000007567	trials	90.0	1.0	0.05	1.0	1.0
424.61529999999766	1.992500000000291	trials	90.0	1.0	0.05	1.0	1.0
481.013	171.00287999999995	epochs					
483.0054999999993	2.0005999999993946	trials	180.0	1.0	0.05	1.0	2.0
487.0066999999981	1.9842000000062399	trials	180.0	1.0	0.05	1.0	2.0
491.0078999999969	2.0007000000041444	trials	90.0	1.0	0.05	1.0	2.0
495.0092000000004	2.0005999999993946	trials	360.0	1.0	0.05	1.0	2.0
499.0103999999992	2.0005999999993946	trials	360.0	1.0	0.05	1.0	2.0
503.011599999998	1.9924000000028173	trials	135.0	1.0	0.05	1.0	2.0
507.0127999999968	1.992500000007567	trials	135.0	1.0	0.05	1.0	2.0
511.0141000000003	1.9924000000028173	trials	45.0	1.0	0.05	1.0	2.0
515.0152999999991	1.9924000000028173	trials	135.0	1.0	0.05	1.0	2.0
519.0166000000027	1.9923999999955413	trials	270.0	1.0	0.05	1.0	2.0
523.0178000000014	1.992500000000291	trials	225.0	1.0	0.05	1.0	2.0
527.019100000005	1.984199999991688	trials	360.0	1.0	0.05	1.0	2.0
531.0203000000038	1.9842999999964377	trials	225.0	1.0	0.05	1.0	2.0
535.0216	1.984199999998964	trials	180.0	1.0	0.05	1.0	2.0
539.0228999999963	1.9842000000062399	trials	225.0	1.0	0.05	1.0	2.0
543.0241999999998	2.0005999999993946	trials	270.0	1.0	0.05	1.0	2.0
547.0253999999986	2.0007000000041444	trials	225.0	1.0	0.05	1.0	2.0
551.0267000000022	2.0006999999968684	trials	90.0	1.0	0.05	1.0	2.0
555.0279999999984	1.9924000000028173	trials	270.0	1.0	0.05	1.0	2.0
559.0292999999947	1.9924000000028173	trials	315.0	1.0	0.05	1.0	2.0
563.0305999999982	1.9924000000028173	trials	315.0	1.0	0.05	1.0	2.0
567.0319000000018	1.9924000000028173	trials	180.0	1.0	0.05	1.0	2.0
571.0332000000053	1.9923999999955413	trials	135.0	1.0	0.05	1.0	2.0
575.0345000000016	1.9923999999955413	trials	225.0	1.0	0.05	1.0	2.0
579.0357999999978	1.9842000000062399	trials	360.0	1.0	0.05	1.0	2.0
583.0371000000014	1.984199999998964	trials	180.0	1.0	0.05	1.0	2.0
587.0384000000049	1.984199999991688	trials	360.0	1.0	0.05	1.0	2.0
591.0397000000012	2.0006999999968684	trials	90.0	1.0	0.05	1.0	2.0
595.0409999999974	2.0007000000041444	trials	315.0	1.0	0.05	1.0	2.0
599.042300000001	2.0007000000041444	trials	45.0	1.0	0.05	1.0	2.0
603.0436000000045	1.992499999993015	trials	45.0	1.0	0.05	1.0	2.0
607.0449999999983	1.9924000000028173	trials	45.0	1.0	0.05	1.0	2.0
611.0463000000018	1.9924000000028173	trials	90.0	1.0	0.05	1.0	2.0
615.0476000000053	1.992499999993015	trials	135.0	1.0	0.05	1.0	2.0
619.0489000000016	1.992500000000291	trials	315.0	1.0	0.05	1.0	2.0
623.0503000000026	1.9924000000028173	trials	315.0	1.0	0.05	1.0	2.0
627.0515999999989	1.984199999998964	trials	45.0	1.0	0.05	1.0	2.0
631.0528999999951	1.9843000000037136	trials	270.0	1.0	0.05	1.0	2.0
635.0541999999987	1.9842999999964377	trials	270.0	1.0	0.05	1.0	2.0
639.0555999999997	2.0005999999993946	trials	90.0	1.0	0.05	1.0	2.0
697.797999	163.5648	epochs					
699.7905000000028	2.008799999995972	trials	270.0	1.0	0.05	1.0	3.0
703.7917000000016	1.992499999993015	trials	45.0	1.0	0.05	1.0	3.0
707.7930000000051	1.984199999991688	trials	315.0	1.0	0.05	1.0	3.0
711.7943000000014	1.984199999998964	trials	225.0	1.0	0.05	1.0	3.0
715.7955000000002	1.9843000000037136	trials	360.0	1.0	0.05	1.0	3.0
719.7967999999964	2.0005999999993946	trials	315.0	1.0	0.05	1.0	3.0
723.7981	2.0005999999993946	trials	90.0	1.0	0.05	1.0	3.0
727.7992999999988	2.0007000000041444	trials	360.0	1.0	0.05	1.0	3.0
731.8006000000023	1.992499999993015	trials	270.0	1.0	0.05	1.0	3.0
735.8018999999986	1.9924000000028173	trials	360.0	1.0	0.05	1.0	3.0
739.8031999999948	1.9924000000028173	trials	135.0	1.0	0.05	1.0	3.0
743.8044999999984	1.9924000000028173	trials	180.0	1.0	0.05	1.0	3.0
747.8058000000019	1.9924000000028173	trials	225.0	1.0	0.05	1.0	3.0
751.8071000000054	1.9923999999955413	trials	180.0	1.0	0.05	1.0	3.0
755.8084000000017	1.984199999998964	trials	180.0	1.0	0.05	1.0	3.0
759.809699999998	1.9842000000062399	trials	180.0	1.0	0.05	1.0	3.0
763.8110000000015	1.984199999998964	trials	315.0	1.0	0.05	1.0	3.0
767.812300000005	1.984199999991688	trials	135.0	1.0	0.05	1.0	3.0
771.8136000000013	2.0005999999993946	trials	135.0	1.0	0.05	1.0	3.0
775.8148999999976	2.0007000000041444	trials	360.0	1.0	0.05	1.0	3.0
779.8162000000011	1.992500000000291	trials	45.0	1.0	0.05	1.0	3.0
783.8175000000047	1.992499999993015	trials	90.0	1.0	0.05	1.0	3.0
787.8188000000009	1.992500000000291	trials	270.0	1.0	0.05	1.0	3.0
791.8202000000019	1.9924000000028173	trials	315.0	1.0	0.05	1.0	3.0
795.8214999999982	1.9924000000028173	trials	90.0	1.0	0.05	1.0	3.0
799.8228000000017	1.992500000000291	trials	315.0	1.0	0.05	1.0	3.0
803.824099999998	1.9843000000037136	trials	270.0	1.0	0.05	1.0	3.0
807.825499999999	1.984199999998964	trials	90.0	1.0	0.05	1.0	3.0
811.8267999999953	1.9842000000062399	trials	225.0	1.0	0.05	1.0	3.0
815.8280999999988	1.9842999999964377	trials	90.0	1.0	0.05	1.0	3.0
819.8294000000024	2.0006999999968684	trials	135.0	1.0	0.05	1.0	3.0
823.8307999999961	2.0005999999993946	trials	45.0	1.0	0.05	1.0	3.0
827.8320999999996	1.992500000000291	trials	180.0	1.0	0.05	1.0	3.0
831.8334000000032	1.992499999993015	trials	135.0	1.0	0.05	1.0	3.0
835.8347999999969	1.9924000000028173	trials	270.0	1.0	0.05	1.0	3.0
839.8361000000004	1.992500000000291	trials	360.0	1.0	0.05	1.0	3.0
843.837400000004	1.992499999993015	trials	225.0	1.0	0.05	1.0	3.0
847.8387999999977	1.9924000000028173	trials	225.0	1.0	0.05	1.0	3.0
851.8401000000013	1.9842999999964377	trials	45.0	1.0	0.05	1.0	3.0
855.8414000000048	1.9842999999964377	trials	45.0	1.0	0.05	1.0	3.0
915.540999	163.75168000000008	epochs					
917.533500000005	2.008799999995972	trials	315.0	1.0	0.05	1.0	4.0
921.5347000000038	1.9922999999980675	trials	180.0	1.0	0.05	1.0	4.0
925.5357999999978	1.9842000000062399	trials	225.0	1.0	0.05	1.0	4.0
929.5369999999966	1.9842000000062399	trials	270.0	1.0	0.05	1.0	4.0
933.5381000000052	1.984199999991688	trials	225.0	1.0	0.05	1.0	4.0
937.539300000004	1.984199999991688	trials	225.0	1.0	0.05	1.0	4.0
941.5405000000028	2.0005999999993946	trials	180.0	1.0	0.05	1.0	4.0
945.5417000000016	2.0005999999993946	trials	90.0	1.0	0.05	1.0	4.0
949.5429000000004	2.0005999999993946	trials	270.0	1.0	0.05	1.0	4.0
953.5440999999992	1.9924000000028173	trials	360.0	1.0	0.05	1.0	4.0
957.545299999998	1.9924000000028173	trials	270.0	1.0	0.05	1.0	4.0
961.5466000000015	1.9924000000028173	trials	270.0	1.0	0.05	1.0	4.0
965.5478000000003	1.9924000000028173	trials	135.0	1.0	0.05	1.0	4.0
969.5489999999991	1.9924000000028173	trials	90.0	1.0	0.05	1.0	4.0
973.5501999999979	1.992500000007567	trials	180.0	1.0	0.05	1.0	4.0
977.5515000000014	1.9924000000028173	trials	90.0	1.0	0.05	1.0	4.0
981.5527000000002	1.9842999999964377	trials	45.0	1.0	0.05	1.0	4.0
985.5540000000037	1.984199999991688	trials	315.0	1.0	0.05	1.0	4.0
989.5553	1.984199999998964	trials	360.0	1.0	0.05	1.0	4.0
993.5564999999988	2.0006000000066706	trials	270.0	1.0	0.05	1.0	4.0
997.557799999995	2.0006000000066706	trials	360.0	1.0	0.05	1.0	4.0
1001.5590999999986	2.0005999999993946	trials	315.0	1.0	0.05	1.0	4.0
1005.5602999999974	1.992500000007567	trials	135.0	1.0	0.05	1.0	4.0
1009.5616000000009	1.9924000000028173	trials	135.0	1.0	0.05	1.0	4.0
1013.5629000000044	1.9923999999955413	trials	315.0	1.0	0.05	1.0	4.0
1017.5642000000007	1.9923999999955413	trials	360.0	1.0	0.05	1.0	4.0
1021.565499999997	1.9924000000028173	trials	225.0	1.0	0.05	1.0	4.0
1025.5666999999958	1.992500000007567	trials	180.0	1.0	0.05	1.0	4.0
1029.5679999999993	1.9842999999964377	trials	360.0	1.0	0.05	1.0	4.0
1033.5693000000028	1.9842999999964377	trials	45.0	1.0	0.05	1.0	4.0
1037.570599999999	1.9843000000037136	trials	225.0	1.0	0.05	1.0	4.0
1041.5718999999954	1.9843000000037136	trials	90.0	1.0	0.05	1.0	4.0
1045.573199999999	2.0007000000041444	trials	135.0	1.0	0.05	1.0	4.0
1049.5746	2.0005999999993946	trials	180.0	1.0	0.05	1.0	4.0
1053.5758999999962	1.9924000000028173	trials	45.0	1.0	0.05	1.0	4.0
1057.5771999999997	1.9924000000028173	trials	315.0	1.0	0.05	1.0	4.0
1061.5785000000033	1.9923999999955413	trials	45.0	1.0	0.05	1.0	4.0
1065.5797999999995	1.992500000000291	trials	135.0	1.0	0.05	1.0	4.0
1069.5810999999958	1.992500000007567	trials	90.0	1.0	0.05	1.0	4.0
1073.5823999999993	1.992500000000291	trials	45.0	1.0	0.05	1.0	4.0
1104.311999	165.31456000000003	epochs					
1106.3044999999984	2.008800000003248	trials	135.0	1.0	0.05	1.0	5.0
1110.3056999999972	1.9842000000062399	trials	360.0	1.0	0.05	1.0	5.0
1114.306899999996	1.9842000000062399	trials	90.0	1.0	0.05	1.0	5.0
1118.3081999999995	1.984199999998964	trials	315.0	1.0	0.05	1.0	5.0
1122.3093999999983	1.9842000000062399	trials	45.0	1.0	0.05	1.0	5.0
1126.3107000000018	2.0005999999993946	trials	360.0	1.0	0.05	1.0	5.0
1130.3119000000006	2.0005999999993946	trials	180.0	1.0	0.05	1.0	5.0
1134.3132000000041	2.0005999999993946	trials	360.0	1.0	0.05	1.0	5.0
1138.314400000003	1.992499999993015	trials	180.0	1.0	0.05	1.0	5.0
1142.3156999999992	1.9923999999955413	trials	315.0	1.0	0.05	1.0	5.0
1146.3169999999955	1.9924000000028173	trials	225.0	1.0	0.05	1.0	5.0
1150.3182000000015	1.992500000000291	trials	225.0	1.0	0.05	1.0	5.0
1154.3194999999978	1.9924000000028173	trials	135.0	1.0	0.05	1.0	5.0
1158.3208000000013	1.9924000000028173	trials	270.0	1.0	0.05	1.0	5.0
1162.3221000000049	1.984199999991688	trials	45.0	1.0	0.05	1.0	5.0
1166.3233000000037	1.9842999999964377	trials	270.0	1.0	0.05	1.0	5.0
1170.3246	1.9843000000037136	trials	225.0	1.0	0.05	1.0	5.0
1174.3258999999962	2.0007000000041444	trials	315.0	1.0	0.05	1.0	5.0
1178.3271999999997	2.0007000000041444	trials	315.0	1.0	0.05	1.0	5.0
1182.3285000000033	2.0006999999968684	trials	360.0	1.0	0.05	1.0	5.0
1186.3297999999995	1.992500000000291	trials	45.0	1.0	0.05	1.0	5.0
1190.3310999999958	1.992500000007567	trials	315.0	1.0	0.05	1.0	5.0
1194.3323999999993	1.992500000000291	trials	135.0	1.0	0.05	1.0	5.0
1198.3337000000029	1.992499999993015	trials	180.0	1.0	0.05	1.0	5.0
1202.3349999999991	1.992500000000291	trials	135.0	1.0	0.05	1.0	5.0
1206.3362999999954	1.992500000007567	trials	360.0	1.0	0.05	1.0	5.0
1210.337599999999	1.9842999999964377	trials	135.0	1.0	0.05	1.0	5.0
1214.339	1.984199999998964	trials	90.0	1.0	0.05	1.0	5.0
1218.3402999999962	1.9842000000062399	trials	270.0	1.0	0.05	1.0	5.0
1222.3415999999997	1.9842999999964377	trials	180.0	1.0	0.05	1.0	5.0
1226.3429000000033	2.0006999999968684	trials	90.0	1.0	0.05	1.0	5.0
1230.3441999999995	2.0006999999968684	trials	225.0	1.0	0.05	1.0	5.0
1234.3454999999958	1.992500000007567	trials	225.0	1.0	0.05	1.0	5.0
1238.346900000004	1.9923999999955413	trials	270.0	1.0	0.05	1.0	5.0
1242.3482000000004	1.992500000000291	trials	45.0	1.0	0.05	1.0	5.0
1246.3494999999966	1.992500000007567	trials	270.0	1.0	0.05	1.0	5.0
1250.3508000000002	1.992500000000291	trials	45.0	1.0	0.05	1.0	5.0
1254.3522000000012	1.9923999999955413	trials	180.0	1.0	0.05	1.0	5.0
1258.3534999999974	1.9843000000037136	trials	90.0	1.0	0.05	1.0	5.0
1262.354800000001	1.9842999999964377	trials	90.0	1.0	0.05	1.0	5.0
1293.797999	174.42560000000003	epochs					
1295.7905000000028	2.0005999999993946	trials	180.0	1.0	0.05	1.0	6.0
1299.7917000000016	1.984199999998964	trials	180.0	1.0	0.05	1.0	6.0
1303.7930000000051	2.0005999999993946	trials	90.0	1.0	0.05	1.0	6.0
1307.794200000004	2.0005999999993946	trials	360.0	1.0	0.05	1.0	6.0
1311.7954000000027	1.992499999993015	trials	360.0	1.0	0.05	1.0	6.0
1315.796699999999	1.9924000000028173	trials	135.0	1.0	0.05	1.0	6.0
1319.797900000005	1.9923999999955413	trials	135.0	1.0	0.05	1.0	6.0
1323.7992000000013	1.9923999999955413	trials	45.0	1.0	0.05	1.0	6.0
1327.8004	1.992500000000291	trials	135.0	1.0	0.05	1.0	6.0
1331.8016999999963	1.9924000000028173	trials	270.0	1.0	0.05	1.0	6.0
1335.8029999999999	1.9924000000028173	trials	225.0	1.0	0.05	1.0	6.0
1339.8041999999987	1.9842999999964377	trials	360.0	1.0	0.05	1.0	6.0
1343.8055000000022	1.984199999998964	trials	225.0	1.0	0.05	1.0	6.0
1347.8067999999985	1.984199999998964	trials	180.0	1.0	0.05	1.0	6.0
1351.8080000000045	2.0006999999968684	trials	225.0	1.0	0.05	1.0	6.0
1355.8093000000008	2.0006999999968684	trials	270.0	1.0	0.05	1.0	6.0
1359.810599999997	2.0007000000041444	trials	225.0	1.0	0.05	1.0	6.0
1363.8119000000006	1.9924000000028173	trials	90.0	1.0	0.05	1.0	6.0
1367.8132000000041	1.9923999999955413	trials	270.0	1.0	0.05	1.0	6.0
1371.8145000000004	1.9923999999955413	trials	315.0	1.0	0.05	1.0	6.0
1375.8157999999967	1.9924000000028173	trials	315.0	1.0	0.05	1.0	6.0
1379.8171000000002	1.9924000000028173	trials	180.0	1.0	0.05	1.0	6.0
1383.8184000000037	1.9923999999955413	trials	135.0	1.0	0.05	1.0	6.0
1387.8197	1.984199999998964	trials	225.0	1.0	0.05	1.0	6.0
1391.8209999999963	1.9842000000062399	trials	360.0	1.0	0.05	1.0	6.0
1395.8222999999998	1.984199999998964	trials	180.0	1.0	0.05	1.0	6.0
1399.8236000000034	1.9842999999964377	trials	360.0	1.0	0.05	1.0	6.0
1403.8248999999996	2.0006999999968684	trials	90.0	1.0	0.05	1.0	6.0
1407.8261999999959	2.0007000000041444	trials	315.0	1.0	0.05	1.0	6.0
1411.8274999999994	1.992500000000291	trials	45.0	1.0	0.05	1.0	6.0
1415.8289000000004	1.9923999999955413	trials	45.0	1.0	0.05	1.0	6.0
1419.8301999999967	1.9924000000028173	trials	45.0	1.0	0.05	1.0	6.0
1423.8315000000002	1.9924000000028173	trials	90.0	1.0	0.05	1.0	6.0
1427.8328000000038	1.992499999993015	trials	135.0	1.0	0.05	1.0	6.0
1431.8341	1.992500000000291	trials	315.0	1.0	0.05	1.0	6.0
1435.835500000001	1.984199999998964	trials	315.0	1.0	0.05	1.0	6.0
1439.8368000000046	1.984199999991688	trials	45.0	1.0	0.05	1.0	6.0
1443.8381000000008	1.9843000000037136	trials	270.0	1.0	0.05	1.0	6.0
1447.839399999997	1.9843000000037136	trials	270.0	1.0	0.05	1.0	6.0
1451.8408000000054	2.0005999999993946	trials	90.0	1.0	0.05	1.0	6.0
1501.789999	163.94111999999996	epochs					
1503.7825000000012	2.008799999995972	trials	270.0	5.0	0.05	1.0	7.0
1507.7837	1.984199999998964	trials	45.0	5.0	0.05	1.0	7.0
1511.7848000000013	1.984199999998964	trials	315.0	5.0	0.05	1.0	7.0
1515.786	1.984199999998964	trials	225.0	5.0	0.05	1.0	7.0
1519.7871999999988	2.0005999999993946	trials	360.0	5.0	0.05	1.0	7.0
1523.788400000005	2.0005999999993946	trials	315.0	5.0	0.05	1.0	7.0
1527.7896000000037	2.0005999999993946	trials	90.0	5.0	0.05	1.0	7.0
1531.7908000000025	1.9924000000028173	trials	360.0	5.0	0.05	1.0	7.0
1535.7920999999988	1.9924000000028173	trials	270.0	5.0	0.05	1.0	7.0
1539.7933000000048	1.9923999999955413	trials	360.0	5.0	0.05	1.0	7.0
1543.7945000000036	1.9923999999955413	trials	135.0	5.0	0.05	1.0	7.0
1547.7957000000024	1.992499999993015	trials	180.0	5.0	0.05	1.0	7.0
1551.7969999999987	1.9924000000028173	trials	225.0	5.0	0.05	1.0	7.0
1555.7982000000047	1.984199999991688	trials	180.0	5.0	0.05	1.0	7.0
1559.799500000001	1.984199999998964	trials	180.0	5.0	0.05	1.0	7.0
1563.8006999999998	1.9843000000037136	trials	180.0	5.0	0.05	1.0	7.0
1567.801999999996	1.9842000000062399	trials	315.0	5.0	0.05	1.0	7.0
1571.8031999999948	2.0007000000041444	trials	135.0	5.0	0.05	1.0	7.0
1575.8044999999984	2.0005999999993946	trials	135.0	5.0	0.05	1.0	7.0
1579.805800000002	2.0005999999993946	trials	360.0	5.0	0.05	1.0	7.0
1583.8071000000054	1.9923999999955413	trials	45.0	5.0	0.05	1.0	7.0
1587.8083000000042	1.992499999993015	trials	90.0	5.0	0.05	1.0	7.0
1591.8096000000005	1.992500000000291	trials	270.0	5.0	0.05	1.0	7.0
1595.8108999999968	1.9924000000028173	trials	315.0	5.0	0.05	1.0	7.0
1599.8122000000003	1.9924000000028173	trials	90.0	5.0	0.05	1.0	7.0
1603.8135000000038	1.9923999999955413	trials	315.0	5.0	0.05	1.0	7.0
1607.8148	1.984199999998964	trials	270.0	5.0	0.05	1.0	7.0
1611.8160999999964	1.9842000000062399	trials	90.0	5.0	0.05	1.0	7.0
1615.8174	1.984199999998964	trials	225.0	5.0	0.05	1.0	7.0
1619.8187000000034	2.0005999999993946	trials	90.0	5.0	0.05	1.0	7.0
1623.8199999999997	2.0005999999993946	trials	135.0	5.0	0.05	1.0	7.0
1627.821299999996	2.0005999999993946	trials	45.0	5.0	0.05	1.0	7.0
1631.8225999999995	1.9924000000028173	trials	180.0	5.0	0.05	1.0	7.0
1635.823900000003	1.9923999999955413	trials	135.0	5.0	0.05	1.0	7.0
1639.8251999999993	1.9923999999955413	trials	270.0	5.0	0.05	1.0	7.0
1643.8264999999956	1.992500000007567	trials	360.0	5.0	0.05	1.0	7.0
1647.8277999999991	1.992500000000291	trials	225.0	5.0	0.05	1.0	7.0
1651.8291000000027	1.992499999993015	trials	225.0	5.0	0.05	1.0	7.0
1655.830399999999	1.9843000000037136	trials	45.0	5.0	0.05	1.0	7.0
1659.8318	1.984199999998964	trials	45.0	5.0	0.05	1.0	7.0
1917.452999	166.00959999999986	epochs					
1919.4455000000016	2.0005999999993946	trials	180.0	3.0	0.05	1.0	8.0
1923.4467000000004	1.9924000000028173	trials	360.0	3.0	0.05	1.0	8.0
1927.4478999999992	1.9924000000028173	trials	180.0	3.0	0.05	1.0	8.0
1931.449099999998	1.9924000000028173	trials	135.0	3.0	0.05	1.0	8.0
1935.4502999999968	1.9924000000028173	trials	360.0	3.0	0.05	1.0	8.0
1939.4514999999956	1.992500000007567	trials	225.0	3.0	0.05	1.0	8.0
1943.4527999999991	1.9924000000028173	trials	45.0	3.0	0.05	1.0	8.0
1947.453999999998	1.9924000000028173	trials	135.0	3.0	0.05	1.0	8.0
1951.4551999999967	1.9842000000062399	trials	90.0	3.0	0.05	1.0	8.0
1955.4565000000002	1.984199999998964	trials	225.0	3.0	0.05	1.0	8.0
1959.457699999999	1.9842000000062399	trials	45.0	3.0	0.05	1.0	8.0
1963.4588999999978	2.0007000000041444	trials	315.0	3.0	0.05	1.0	8.0
1967.4602000000014	2.0005999999993946	trials	90.0	3.0	0.05	1.0	8.0
1971.461500000005	2.0005999999993946	trials	45.0	3.0	0.05	1.0	8.0
1975.4627000000037	1.9923999999955413	trials	45.0	3.0	0.05	1.0	8.0
1979.464	1.9923999999955413	trials	225.0	3.0	0.05	1.0	8.0
1983.4651999999987	1.992500000000291	trials	90.0	3.0	0.05	1.0	8.0
1987.466499999995	1.992500000007567	trials	270.0	3.0	0.05	1.0	8.0
1991.4677999999985	1.9924000000028173	trials	315.0	3.0	0.05	1.0	8.0
1995.469100000002	1.9924000000028173	trials	315.0	3.0	0.05	1.0	8.0
1999.4703000000009	1.992500000000291	trials	225.0	3.0	0.05	1.0	8.0
2003.4716000000044	1.9842999999964377	trials	135.0	3.0	0.05	1.0	8.0
2007.4729000000007	1.9843000000037136	trials	315.0	3.0	0.05	1.0	8.0
2011.474199999997	1.9843000000037136	trials	270.0	3.0	0.05	1.0	8.0
2015.4755000000005	2.0005999999993946	trials	180.0	3.0	0.05	1.0	8.0
2019.476800000004	2.0005999999993946	trials	45.0	3.0	0.05	1.0	8.0
2023.4781000000003	2.0005999999993946	trials	90.0	3.0	0.05	1.0	8.0
2027.4793999999965	1.9924000000028173	trials	360.0	3.0	0.05	1.0	8.0
2031.4807	1.9924000000028173	trials	135.0	3.0	0.05	1.0	8.0
2035.4820000000036	1.992499999993015	trials	315.0	3.0	0.05	1.0	8.0
2039.4832999999999	1.992500000000291	trials	225.0	3.0	0.05	1.0	8.0
2043.4845999999961	1.992500000007567	trials	270.0	3.0	0.05	1.0	8.0
2047.4858999999997	1.992500000000291	trials	180.0	3.0	0.05	1.0	8.0
2051.487200000003	1.9842999999964377	trials	360.0	3.0	0.05	1.0	8.0
2055.4884999999995	1.9843000000037136	trials	360.0	3.0	0.05	1.0	8.0
2059.4899000000005	1.984199999998964	trials	270.0	3.0	0.05	1.0	8.0
2063.491200000004	2.0005999999993946	trials	90.0	3.0	0.05	1.0	8.0
2067.4925000000003	2.0006999999968684	trials	180.0	3.0	0.05	1.0	8.0
2071.4937999999966	2.0007000000041444	trials	135.0	3.0	0.05	1.0	8.0
2075.4951	1.992500000000291	trials	270.0	3.0	0.05	1.0	8.0
2734.409999	164.66431999999986	epochs					
2736.402399999999	2.008800000003248	trials	180.0	4.0	0.05	1.0	9.0
2740.403600000005	1.9923999999955413	trials	180.0	4.0	0.05	1.0	9.0
2744.404800000004	1.9922999999980675	trials	90.0	4.0	0.05	1.0	9.0
2748.405899999998	1.9924000000028173	trials	360.0	4.0	0.05	1.0	9.0
2752.4070999999967	1.9842000000062399	trials	360.0	4.0	0.05	1.0	9.0
2756.4082999999955	1.9842000000062399	trials	135.0	4.0	0.05	1.0	9.0
2760.4095000000016	1.984199999998964	trials	135.0	4.0	0.05	1.0	9.0
2764.4107000000004	1.984199999998964	trials	45.0	4.0	0.05	1.0	9.0
2768.411899999999	2.0005999999993946	trials	135.0	4.0	0.05	1.0	9.0
2772.413100000005	2.0005999999993946	trials	270.0	4.0	0.05	1.0	9.0
2776.414300000004	2.0005999999993946	trials	225.0	4.0	0.05	1.0	9.0
2780.415500000003	1.992499999993015	trials	360.0	4.0	0.05	1.0	9.0
2784.416799999999	1.9923999999955413	trials	225.0	4.0	0.05	1.0	9.0
2788.418000000005	1.9923999999955413	trials	180.0	4.0	0.05	1.0	9.0
2792.419200000004	1.992499999993015	trials	225.0	4.0	0.05	1.0	9.0
2796.4205	1.9923999999955413	trials	270.0	4.0	0.05	1.0	9.0
2800.421699999999	1.992500000000291	trials	225.0	4.0	0.05	1.0	9.0
2804.422999999995	1.9842000000062399	trials	90.0	4.0	0.05	1.0	9.0
2808.4242000000013	1.9843000000037136	trials	270.0	4.0	0.05	1.0	9.0
2812.4254999999976	1.9842000000062399	trials	315.0	4.0	0.05	1.0	9.0
2816.426800000001	1.984199999998964	trials	315.0	4.0	0.05	1.0	9.0
2820.428	2.0007000000041444	trials	180.0	4.0	0.05	1.0	9.0
2824.4293000000034	2.0005999999993946	trials	135.0	4.0	0.05	1.0	9.0
2828.4305999999997	2.0005999999993946	trials	225.0	4.0	0.05	1.0	9.0
2832.4317999999985	1.992500000000291	trials	360.0	4.0	0.05	1.0	9.0
2836.4330999999947	1.992500000007567	trials	180.0	4.0	0.05	1.0	9.0
2840.4343999999983	1.9924000000028173	trials	360.0	4.0	0.05	1.0	9.0
2844.435700000002	1.9924000000028173	trials	90.0	4.0	0.05	1.0	9.0
2848.4370000000054	1.9923999999955413	trials	315.0	4.0	0.05	1.0	9.0
2852.4383000000016	1.9923999999955413	trials	45.0	4.0	0.05	1.0	9.0
2856.4395000000004	1.9843000000037136	trials	45.0	4.0	0.05	1.0	9.0
2860.4407999999967	1.9843000000037136	trials	45.0	4.0	0.05	1.0	9.0
2864.4421	1.9842999999964377	trials	90.0	4.0	0.05	1.0	9.0
2868.4434000000037	2.0006999999968684	trials	135.0	4.0	0.05	1.0	9.0
2872.4447	2.0006999999968684	trials	315.0	4.0	0.05	1.0	9.0
2876.4459999999963	2.0007000000041444	trials	315.0	4.0	0.05	1.0	9.0
2880.4473	1.992500000000291	trials	45.0	4.0	0.05	1.0	9.0
2884.4486000000034	1.992499999993015	trials	270.0	4.0	0.05	1.0	9.0
2888.4498999999996	1.992500000000291	trials	270.0	4.0	0.05	1.0	9.0
2892.451199999996	1.992500000007567	trials	90.0	4.0	0.05	1.0	9.0
